F73_15.69_31314_1086_T,Com_7309_pos,sam
C,-0.490525095280763,F39_56
C,-0.518713715121463,F41_56
C,0.762863921878057,F48_35
T,2.17402882769648,F48_56
C,-0.547320713351646,F49_56
C,1.20624568818228,F55_15
T,1.96421684194863,F55_35
C,-0.698045859480917,F55_56
C,-1.31616457200507,F63_56
C,-1.10923983389768,F64_56
C,1.31616457200507,F67_15
T,2.579268135445,F67_35
C,-0.762863921878057,F67_56
C,-0.796498108893595,F68_56
C,-0.831058479296574,F70_56
C,-0.903356660859843,F73_56
C,-0.980716280162662,F75_56
C,-0.0994360268467557,F77_35
C,-1.02168356313749,F79_56
C,-0.14946323357073,F80_35
C,-1.15638246077668,F80_56
C,0.0248206500144439,F83_35
C,-1.44479722250881,F83_56
C,0.408143511816288,F84_35
C,0.14946323357073,F86_15
C,-0.174609938698074,F86_35
C,-1.81641372945145,F86_56
C,-2.579268135445,F88_56
C,-0.276481563965647,F89_35
C,-1.37763233712214,F89_56
C,-0.435270167048313,F92_35
